,dst,src,timestamp
0,130.235.19.166,172.16.2.3,1191915570.274195
1,84.223.19.47,172.16.2.3,1191915570.274435
2,213.167.119.98,172.16.2.3,1191915570.27449
3,84.120.49.2,172.16.2.3,1191915570.27452
4,172.16.2.3,84.120.49.2,1191915570.344519
5,84.120.49.2,172.16.2.3,1191915570.345233
6,84.120.49.2,172.16.2.3,1191915570.349491
7,172.16.2.3,84.120.49.2,1191915570.436581
8,84.120.49.2,172.16.2.3,1191915570.441477
9,172.16.2.3,84.120.49.2,1191915570.936057
10,84.120.49.2,172.16.2.3,1191915570.93664
11,172.16.2.3,84.120.49.2,1191915571.166702
12,84.120.49.2,172.16.2.3,1191915571.167532
13,193.88.8.59,172.16.2.3,1191915571.325018
14,62.129.32.229,172.16.2.3,1191915571.325577
15,195.250.208.83,172.16.2.3,1191915571.325605
16,84.120.49.2,172.16.2.3,1191915571.326159
17,65.34.193.206,172.16.2.3,1191915571.328976
18,129.2.102.58,172.16.2.3,1191915571.329009
19,131.183.81.1,172.16.2.3,1191915571.329039
20,210.49.220.58,172.16.2.3,1191915571.329095
21,67.189.138.160,172.16.2.3,1191915571.329133
22,89.25.49.56,172.16.2.3,1191915571.329171
23,91.64.131.21,172.16.2.3,1191915571.329208
24,193.49.4.236,172.16.2.3,1191915571.329247
25,211.122.126.48,172.16.2.3,1191915571.329285
26,86.31.236.33,172.16.2.3,1191915571.329322
27,84.212.17.9,172.16.2.3,1191915571.32936
28,142.163.200.146,172.16.2.3,1191915571.329404
29,129.2.102.58,172.16.2.3,1191915571.329406
30,172.16.2.3,193.88.8.59,1191915571.36153
31,193.88.8.59,172.16.2.3,1191915571.362298
32,193.88.8.59,172.16.2.3,1191915571.362327
33,172.16.2.3,193.49.4.236,1191915571.370094
34,172.16.2.3,91.64.131.21,1191915571.379063
35,172.16.2.3,84.212.17.9,1191915571.389191
36,172.16.2.3,89.25.49.56,1191915571.397217
37,172.16.2.3,193.88.8.59,1191915571.397275
38,172.16.2.3,86.31.236.33,1191915571.403128
39,172.16.2.3,84.120.49.2,1191915571.408016
40,172.16.2.3,84.120.49.2,1191915571.412815
41,84.120.49.2,172.16.2.3,1191915571.413523
42,172.16.2.3,129.2.102.58,1191915571.44955
43,172.16.2.3,129.2.102.58,1191915571.449598
44,76.198.239.148,172.16.2.3,1191915571.451061
45,68.34.87.60,172.16.2.3,1191915571.451093
46,76.214.174.164,172.16.2.3,1191915571.451131
47,131.183.81.1,172.16.2.3,1191915571.451169
48,129.2.102.58,172.16.2.3,1191915571.451207
49,65.34.193.206,172.16.2.3,1191915571.451244
50,213.22.43.102,172.16.2.3,1191915571.451283
51,210.124.154.70,172.16.2.3,1191915571.45133
52,76.22.64.130,172.16.2.3,1191915571.451332
53,172.16.2.3,193.88.8.59,1191915571.455023
54,172.16.2.3,67.189.138.160,1191915571.463678
55,193.88.8.59,172.16.2.3,1191915571.465273
56,172.16.2.3,131.183.81.1,1191915571.468513
57,203.214.15.64,172.16.2.3,1191915571.46939
58,172.16.2.3,65.34.193.206,1191915571.478458
59,68.34.87.60,172.16.2.3,1191915571.479116
60,172.16.2.3,193.88.8.59,1191915571.500349
61,172.16.2.3,142.163.200.146,1191915571.515854
62,172.16.2.3,213.22.43.102,1191915571.534899
63,172.16.2.3,195.250.208.83,1191915571.556172
64,172.16.2.3,76.198.239.148,1191915571.606195
65,172.16.2.3,62.129.32.229,1191915571.625372
66,172.16.2.3,76.22.64.130,1191915571.682101
67,172.16.2.3,210.49.220.58,1191915571.691001
68,172.16.2.3,211.122.126.48,1191915571.693482
69,172.16.2.3,68.34.87.60,1191915571.707706
70,172.16.2.3,68.34.87.60,1191915571.708027
71,172.16.2.3,193.88.8.59,1191915571.7424
72,172.16.2.3,203.214.15.64,1191915571.847301
73,193.88.8.59,172.16.2.3,1191915571.881285
74,172.16.2.3,193.88.8.59,1191915571.915041
75,193.88.8.59,172.16.2.3,1191915571.916308
76,172.16.2.3,193.88.8.59,1191915571.951044
77,172.16.2.3,193.88.8.59,1191915571.994631
78,193.88.8.59,172.16.2.3,1191915572.182224
79,172.16.2.3,193.88.8.59,1191915572.216385
80,193.88.8.59,172.16.2.3,1191915572.218299
81,172.16.2.3,193.88.8.59,1191915572.256609
82,172.16.2.3,193.88.8.59,1191915572.297605
83,193.88.8.59,172.16.2.3,1191915572.483175
84,172.16.2.3,193.88.8.59,1191915572.518871
85,193.88.8.59,172.16.2.3,1191915572.52012
86,172.16.2.3,193.88.8.59,1191915572.562728
87,172.16.2.3,193.88.8.59,1191915572.569305
88,193.88.8.59,172.16.2.3,1191915572.683821
89,172.16.2.3,193.88.8.59,1191915572.91409
90,68.34.87.60,172.16.2.3,1191915572.91609
91,76.198.239.148,172.16.2.3,1191915572.91612
92,76.214.174.164,172.16.2.3,1191915572.916148
93,131.183.81.1,172.16.2.3,1191915572.916179
94,129.2.102.58,172.16.2.3,1191915572.916208
95,65.34.193.206,172.16.2.3,1191915572.916245
96,213.22.43.102,172.16.2.3,1191915572.916273
97,210.124.154.70,172.16.2.3,1191915572.916301
98,210.124.154.70,172.16.2.3,1191915572.916356
99,213.22.43.102,172.16.2.3,1191915572.916391
100,65.34.193.206,172.16.2.3,1191915572.916419
101,172.16.2.3,213.22.43.102,1191915572.997275
102,172.16.2.3,213.22.43.102,1191915572.99896
103,190.75.251.140,172.16.2.3,1191915573.000787
104,172.16.2.3,129.2.102.58,1191915573.036192
105,172.16.2.3,131.183.81.1,1191915573.055218
106,172.16.2.3,68.34.87.60,1191915573.059723
107,172.16.2.3,76.214.174.164,1191915573.063549
108,172.16.2.3,76.198.239.148,1191915573.064812
109,172.16.2.3,65.34.193.206,1191915573.066987
110,172.16.2.3,65.34.193.206,1191915573.068675
111,213.240.196.83,172.16.2.3,1191915573.070358
112,193.88.8.59,172.16.2.3,1191915573.085031
113,72.185.217.236,172.16.2.3,1191915573.103669
114,172.16.2.3,213.240.196.83,1191915573.218121
115,172.16.2.3,190.75.251.140,1191915573.245838
116,193.88.8.59,172.16.2.3,1191915573.246118
117,129.2.102.58,172.16.2.3,1191915573.246706
118,172.16.2.3,72.185.217.236,1191915573.265015
119,91.82.66.34,172.16.2.3,1191915573.26597
120,172.16.2.3,210.124.154.70,1191915573.310405
121,172.16.2.3,210.124.154.70,1191915573.314719
122,172.16.2.3,193.88.8.59,1191915573.314728
123,131.183.81.1,172.16.2.3,1191915573.316256
124,172.16.2.3,129.2.102.58,1191915573.36519
125,203.214.15.64,172.16.2.3,1191915573.367067
126,172.16.2.3,131.183.81.1,1191915573.456665
127,210.124.154.70,172.16.2.3,1191915573.458511
128,65.34.193.206,172.16.2.3,1191915573.45854
129,129.2.102.58,172.16.2.3,1191915573.458578
130,131.183.81.1,172.16.2.3,1191915573.458616
131,76.214.174.164,172.16.2.3,1191915573.458653
132,172.16.2.3,91.82.66.34,1191915573.477688
133,76.214.174.164,172.16.2.3,1191915573.478399
134,193.88.8.59,172.16.2.3,1191915573.486307
135,172.16.2.3,193.88.8.59,1191915573.520186
136,76.198.239.148,172.16.2.3,1191915573.520981
137,193.88.8.59,172.16.2.3,1191915573.521023
138,172.16.2.3,129.2.102.58,1191915573.575588
139,172.16.2.3,193.88.8.59,1191915573.597703
140,172.16.2.3,131.183.81.1,1191915573.602005
141,172.16.2.3,76.214.174.164,1191915573.606944
142,172.16.2.3,193.88.8.59,1191915573.611553
143,172.16.2.3,65.34.193.206,1191915573.61478
144,172.16.2.3,76.214.174.164,1191915573.62825
145,198.165.94.111,172.16.2.3,1191915573.63
146,172.16.2.3,76.198.239.148,1191915573.679263
147,68.34.87.60,172.16.2.3,1191915573.680817
148,172.16.2.3,203.214.15.64,1191915573.742785
149,83.77.105.128,172.16.2.3,1191915573.743563
150,172.16.2.3,83.77.105.128,1191915573.782929
151,193.88.8.59,172.16.2.3,1191915573.787308
152,172.16.2.3,193.88.8.59,1191915573.821419
153,193.88.8.59,172.16.2.3,1191915573.822313
154,172.16.2.3,198.165.94.111,1191915573.823855
155,76.22.64.130,172.16.2.3,1191915573.824774
156,172.16.2.3,210.124.154.70,1191915573.866739
157,172.16.2.3,68.34.87.60,1191915573.872932
158,172.16.2.3,193.88.8.59,1191915573.883422
159,172.16.2.3,193.88.8.59,1191915573.91162
160,132.211.187.125,172.16.2.3,1191915573.985659
161,172.16.2.3,76.22.64.130,1191915574.052203
162,193.88.8.59,172.16.2.3,1191915574.088323
163,172.16.2.3,132.211.187.125,1191915574.115464
164,172.16.2.3,193.88.8.59,1191915574.122114
165,193.88.8.59,172.16.2.3,1191915574.288915
166,193.88.8.59,172.16.2.3,1191915591.139592
167,172.16.2.3,193.88.8.59,1191915591.194611
168,193.88.8.59,172.16.2.3,1191915591.195247
169,159.107.197.24,172.16.2.3,1191915602.245735
170,124.254.82.147,172.16.2.3,1191915602.246943
171,213.192.21.235,172.16.2.3,1191915602.246972
172,124.61.202.21,172.16.2.3,1191915602.246999
173,213.250.14.249,172.16.2.3,1191915602.247029
174,62.129.32.229,172.16.2.3,1191915602.247259
175,195.250.208.83,172.16.2.3,1191915602.247326
176,80.95.25.172,172.16.2.3,1191915602.247351
177,87.192.29.201,172.16.2.3,1191915602.247379
178,80.126.115.203,172.16.2.3,1191915602.247408
179,172.16.2.3,213.192.21.235,1191915602.305611
180,172.16.2.3,87.192.29.201,1191915602.313407
181,172.16.2.3,80.95.25.172,1191915602.31586
182,82.23.148.64,172.16.2.3,1191915602.31666
183,172.16.2.3,213.250.14.249,1191915602.317194
184,137.99.130.195,172.16.2.3,1191915602.317741
185,172.16.2.3,195.250.208.83,1191915602.332359
186,172.16.2.3,62.129.32.229,1191915602.364554
187,159.107.197.24,172.16.2.3,1191915602.365474
188,194.88.55.211,172.16.2.3,1191915602.365507
189,172.16.2.3,82.23.148.64,1191915602.369317
190,89.139.217.243,172.16.2.3,1191915602.370111
191,172.16.2.3,80.126.115.203,1191915602.38198
192,172.16.2.3,137.99.130.195,1191915602.452485
193,172.16.2.3,89.139.217.243,1191915602.492874
194,159.107.197.24,172.16.2.3,1191915602.54497
195,194.88.55.211,172.16.2.3,1191915602.545003
196,172.16.2.3,124.61.202.21,1191915602.58573
197,172.16.2.3,124.254.82.147,1191915602.667324
198,159.107.197.24,172.16.2.3,1191915602.969425
199,194.88.55.211,172.16.2.3,1191915602.969457
200,193.85.179.66,172.16.2.3,1191915603.120408
201,85.132.221.82,172.16.2.3,1191915603.12049
202,195.205.32.132,172.16.2.3,1191915603.12052
203,172.16.2.3,193.85.179.66,1191915603.179781
204,193.85.179.66,172.16.2.3,1191915603.180602
205,193.85.179.66,172.16.2.3,1191915603.180631
206,172.16.2.3,85.132.221.82,1191915603.192066
207,85.132.221.82,172.16.2.3,1191915603.192801
208,85.132.221.82,172.16.2.3,1191915603.192833
209,172.16.2.3,193.85.179.66,1191915603.244989
210,172.16.2.3,85.132.221.82,1191915603.264361
211,193.85.179.66,172.16.2.3,1191915603.265202
212,85.132.221.82,172.16.2.3,1191915603.26523
213,172.16.2.3,193.85.179.66,1191915603.322981
214,159.107.197.24,172.16.2.3,1191915603.323776
215,172.16.2.3,85.132.221.82,1191915603.336247
216,62.129.32.229,172.16.2.3,1191915603.337104
217,85.132.221.82,172.16.2.3,1191915603.481858
218,193.85.179.66,172.16.2.3,1191915603.481896
219,172.16.2.3,62.129.32.229,1191915603.738445
220,159.107.197.24,172.16.2.3,1191915603.788988
221,194.88.55.211,172.16.2.3,1191915603.789023
222,159.107.197.24,172.16.2.3,1191915604.290811
223,195.205.32.132,172.16.2.3,1191915604.71895
224,159.107.197.24,172.16.2.3,1191915605.37091
225,159.107.197.24,172.16.2.3,1191915605.421119
226,194.88.55.211,172.16.2.3,1191915605.421152
227,195.205.32.132,172.16.2.3,1191915606.090114
228,195.205.32.132,172.16.2.3,1191915607.695234
229,159.107.197.24,172.16.2.3,1191915608.327359
230,159.107.197.24,172.16.2.3,1191915608.628339
231,194.88.55.211,172.16.2.3,1191915608.628376
232,159.107.197.24,172.16.2.3,1191915609.379732
233,193.85.179.66,172.16.2.3,1191915610.380015
234,172.16.2.3,193.85.179.66,1191915610.436663
235,172.16.2.3,193.85.179.66,1191915610.437434
236,193.85.179.66,172.16.2.3,1191915610.438018
237,195.205.32.132,172.16.2.3,1191915612.109238
238,195.205.32.132,172.16.2.3,1191915613.714402
239,195.210.229.16,172.16.2.3,1191915626.003833
240,172.16.2.3,195.210.229.16,1191915626.071015
241,195.210.229.16,172.16.2.3,1191915626.071912
242,195.210.229.16,172.16.2.3,1191915626.071946
243,172.16.2.3,195.210.229.16,1191915626.13966
244,195.210.229.16,172.16.2.3,1191915626.254238
245,195.210.229.16,172.16.2.3,1191915626.340589
246,172.16.2.3,195.210.229.16,1191915626.40627
247,195.210.229.16,172.16.2.3,1191915626.411539
248,195.250.208.83,172.16.2.3,1191915626.461053
249,172.16.2.3,195.210.229.16,1191915626.477363
250,172.16.2.3,195.250.208.83,1191915626.532425
251,195.210.229.16,172.16.2.3,1191915626.555225
252,85.132.221.82,172.16.2.3,1191915627.033493
253,195.210.229.16,172.16.2.3,1191915627.03353
254,172.16.2.3,195.210.229.16,1191915627.100972
255,172.16.2.3,195.210.229.16,1191915627.104643
256,195.210.229.16,172.16.2.3,1191915627.105337
257,172.16.2.3,85.132.221.82,1191915627.108028
258,172.16.2.3,85.132.221.82,1191915627.108533
259,85.132.221.82,172.16.2.3,1191915627.109219
260,1.1.1.1,172.16.2.3,1191915629.081329
261,172.16.2.3,195.210.229.16,1191915629.217082
262,195.210.229.16,172.16.2.3,1191915629.217792
